{
  "experiment_type": "gaussian",
  "layer_results": {
    "noiseless": {
      "2": {
        "tv": 0.013999999999999901,
        "hellinger": 0.0119604552023186,
        "kl": 0.000569080787551482,
        "wasserstein": 0.015000000000000457,
        "empirical": [
          0.236,
          0.513,
          0.251
        ],
        "target": [
          0.25,
          0.5000000000000002,
          0.25
        ]
      },
      "4": {
        "tv": 0.032000000000000035,
        "hellinger": 0.02979013959434979,
        "kl": 0.0035576306378268373,
        "wasserstein": 0.06899999999999984,
        "empirical": [
          0.053,
          0.232,
          0.375,
          0.282,
          0.058
        ],
        "target": [
          0.0625,
          0.24999999999999994,
          0.37500000000000017,
          0.25,
          0.0625
        ]
      },
      "6": {
        "tv": 0.03500000000000008,
        "hellinger": 0.04074224228033645,
        "kl": 0.006327328222571735,
        "wasserstein": 0.08125000000000046,
        "empirical": [
          0.01,
          0.069,
          0.239,
          0.326,
          0.244,
          0.101,
          0.011
        ],
        "target": [
          0.01562500000000012,
          0.09375000000000004,
          0.23437500000000008,
          0.31249999999999983,
          0.23437500000000006,
          0.09375000000000004,
          0.015625
        ]
      },
      "8": {
        "tv": 0.03737500000000006,
        "hellinger": 0.04745925914037572,
        "kl": 0.008445994797699303,
        "wasserstein": 0.12818749999999923,
        "empirical": [
          0.004,
          0.016,
          0.088,
          0.218,
          0.293,
          0.224,
          0.114,
          0.038,
          0.005
        ],
        "target": [
          0.003906250000000005,
          0.031249999999999976,
          0.10937500000000004,
          0.21874999999999992,
          0.2734374999999999,
          0.2187499999999999,
          0.10937500000000006,
          0.031249999999999976,
          0.00390625
        ]
      }
    },
    "low": {
      "2": {
        "tv": 0.0119999999999999,
        "hellinger": 0.010457342877134068,
        "kl": 0.0004355835078816688,
        "wasserstein": 0.012000000000000455,
        "empirical": [
          0.238,
          0.512,
          0.25
        ],
        "target": [
          0.25,
          0.5000000000000002,
          0.25
        ]
      },
      "4": {
        "tv": 0.028500000000000063,
        "hellinger": 0.028224525807271337,
        "kl": 0.003168762694109126,
        "wasserstein": 0.06800000000000006,
        "empirical": [
          0.051,
          0.234,
          0.374,
          0.278,
          0.063
        ],
        "target": [
          0.0625,
          0.24999999999999994,
          0.37500000000000017,
          0.25,
          0.0625
        ]
      },
      "6": {
        "tv": 0.03400000000000007,
        "hellinger": 0.04092769072566294,
        "kl": 0.006342034594400118,
        "wasserstein": 0.07125000000000076,
        "empirical": [
          0.01,
          0.072,
          0.242,
          0.322,
          0.243,
          0.102,
          0.009
        ],
        "target": [
          0.01562500000000012,
          0.09375000000000004,
          0.23437500000000008,
          0.31249999999999983,
          0.23437500000000006,
          0.09375000000000004,
          0.015625
        ]
      },
      "8": {
        "tv": 0.03653125000000013,
        "hellinger": 0.04431625029623653,
        "kl": 0.007635819478125665,
        "wasserstein": 0.12499999999999965,
        "empirical": [
          0.004,
          0.02,
          0.085,
          0.219,
          0.289,
          0.226,
          0.112,
          0.042,
          0.003
        ],
        "target": [
          0.003906250000000005,
          0.031249999999999976,
          0.10937500000000004,
          0.21874999999999992,
          0.2734374999999999,
          0.2187499999999999,
          0.10937500000000006,
          0.031249999999999976,
          0.00390625
        ]
      }
    },
    "high": {
      "2": {
        "tv": 0.015999999999999903,
        "hellinger": 0.011499610823894996,
        "kl": 0.0005286165277255065,
        "wasserstein": 0.016000000000000014,
        "empirical": [
          0.244,
          0.516,
          0.24
        ],
        "target": [
          0.25,
          0.5000000000000002,
          0.25
        ]
      },
      "4": {
        "tv": 0.022500000000000124,
        "hellinger": 0.028371616515673964,
        "kl": 0.0031048626307687904,
        "wasserstein": 0.04700000000000008,
        "empirical": [
          0.046,
          0.258,
          0.369,
          0.257,
          0.07
        ],
        "target": [
          0.0625,
          0.24999999999999994,
          0.37500000000000017,
          0.25,
          0.0625
        ]
      },
      "6": {
        "tv": 0.010874999999999902,
        "hellinger": 0.012813667909530174,
        "kl": 0.0006525943045286211,
        "wasserstein": 0.032000000000000535,
        "empirical": [
          0.014,
          0.086,
          0.238,
          0.311,
          0.235,
          0.099,
          0.017
        ],
        "target": [
          0.01562500000000012,
          0.09375000000000004,
          0.23437500000000008,
          0.31249999999999983,
          0.23437500000000006,
          0.09375000000000004,
          0.015625
        ]
      },
      "8": {
        "tv": 0.04818750000000003,
        "hellinger": 0.043101797310925255,
        "kl": 0.0072416775769066554,
        "wasserstein": 0.08837500000000006,
        "empirical": [
          0.002,
          0.021,
          0.092,
          0.23,
          0.296,
          0.201,
          0.115,
          0.04,
          0.003
        ],
        "target": [
          0.003906250000000005,
          0.031249999999999976,
          0.10937500000000004,
          0.21874999999999992,
          0.2734374999999999,
          0.2187499999999999,
          0.10937500000000006,
          0.031249999999999976,
          0.00390625
        ]
      }
    }
  }
}