{
  "experiment_type": "exponential",
  "layer_results": {
    "noiseless": {
      "2": {
        "tv": 0.022804114281501628,
        "hellinger": 0.018354612570716824,
        "kl": 0.0013522493412744929,
        "wasserstein": 0.022804114281501864,
        "empirical": [
          0.496,
          0.33,
          0.174
        ],
        "target": [
          0.506480391055654,
          0.3071958857184984,
          0.1863237232258476
        ]
      },
      "4": {
        "tv": 0.03266774617516479,
        "hellinger": 0.028355260254522924,
        "kl": 0.0032115988563984864,
        "wasserstein": 0.04867769092187202,
        "empirical": [
          0.406,
          0.29,
          0.159,
          0.097,
          0.048
        ],
        "target": [
          0.42865552877716695,
          0.2599927206586828,
          0.1576935563815933,
          0.09564597678455912,
          0.058012217397997876
        ]
      },
      "6": {
        "tv": 0.026002975279558766,
        "hellinger": 0.02990138968940313,
        "kl": 0.003507452789520263,
        "wasserstein": 0.06287540419534904,
        "empirical": [
          0.396,
          0.237,
          0.151,
          0.103,
          0.065,
          0.035,
          0.013
        ],
        "target": [
          0.4057210545336259,
          0.2460822588655854,
          0.14925643481331857,
          0.09052860387367777,
          0.054908373830365446,
          0.03330361220307945,
          0.020199661880347487
        ]
      },
      "8": {
        "tv": 0.01630781993600178,
        "hellinger": 0.015502174395465024,
        "kl": 0.0009593840317107651,
        "wasserstein": 0.025374500010498846,
        "empirical": [
          0.4,
          0.25,
          0.139,
          0.084,
          0.051,
          0.036,
          0.022,
          0.012,
          0.006
        ],
        "target": [
          0.39788949329093865,
          0.24133217685847844,
          0.14637536443985885,
          0.08878114635938474,
          0.05384848727140149,
          0.03266075850925049,
          0.019809751405330703,
          0.012015221588618499,
          0.007287600276738253
        ]
      }
    },
    "low": {
      "2": {
        "tv": 0.02380411428150163,
        "hellinger": 0.018467665002943393,
        "kl": 0.0013717798302406263,
        "wasserstein": 0.023804114281501865,
        "empirical": [
          0.493,
          0.331,
          0.176
        ],
        "target": [
          0.506480391055654,
          0.3071958857184984,
          0.1863237232258476
        ]
      },
      "4": {
        "tv": 0.02966774617516479,
        "hellinger": 0.02430731096566056,
        "kl": 0.002373526413813898,
        "wasserstein": 0.03667769092187201,
        "empirical": [
          0.405,
          0.287,
          0.158,
          0.098,
          0.052
        ],
        "target": [
          0.42865552877716695,
          0.2599927206586828,
          0.1576935563815933,
          0.09564597678455912,
          0.058012217397997876
        ]
      },
      "6": {
        "tv": 0.01625941009287734,
        "hellinger": 0.01984626317668086,
        "kl": 0.001549461947792318,
        "wasserstein": 0.035875404195349236,
        "empirical": [
          0.4,
          0.242,
          0.148,
          0.1,
          0.059,
          0.036,
          0.015
        ],
        "target": [
          0.4057210545336259,
          0.2460822588655854,
          0.14925643481331857,
          0.09052860387367777,
          0.054908373830365446,
          0.03330361220307945,
          0.020199661880347487
        ]
      },
      "8": {
        "tv": 0.02311757134133249,
        "hellinger": 0.019147910903259402,
        "kl": 0.0014565833254826606,
        "wasserstein": 0.057389948214428166,
        "empirical": [
          0.406,
          0.256,
          0.137,
          0.082,
          0.049,
          0.033,
          0.019,
          0.012,
          0.006
        ],
        "target": [
          0.39788949329093865,
          0.24133217685847844,
          0.14637536443985885,
          0.08878114635938474,
          0.05384848727140149,
          0.03266075850925049,
          0.019809751405330703,
          0.012015221588618499,
          0.007287600276738253
        ]
      }
    },
    "high": {
      "2": {
        "tv": 0.023676276774152412,
        "hellinger": 0.0982538647258839,
        "kl": 0.300050202962247,
        "wasserstein": 0.06615666782980623,
        "empirical": [
          0.483,
          0.307,
          0.191,
          0.019
        ],
        "target": [
          0.506480391055654,
          0.3071958857184984,
          0.1863237232258476,
          0.0
        ]
      },
      "4": {
        "tv": 0.05235175056415028,
        "hellinger": 0.07354960064085157,
        "kl": 0.11075310415151703,
        "wasserstein": 0.08336663336753819,
        "empirical": [
          0.448,
          0.286,
          0.121,
          0.09,
          0.048,
          0.007
        ],
        "target": [
          0.42865552877716695,
          0.2599927206586828,
          0.1576935563815933,
          0.09564597678455912,
          0.058012217397997876,
          0.0
        ]
      },
      "6": {
        "tv": 0.026022510653055542,
        "hellinger": 0.04142470660994277,
        "kl": 0.029797158211086597,
        "wasserstein": 0.08653046773219941,
        "empirical": [
          0.428,
          0.244,
          0.151,
          0.08,
          0.048,
          0.033,
          0.014,
          0.002
        ],
        "target": [
          0.4057210545336259,
          0.2460822588655854,
          0.14925643481331857,
          0.09052860387367777,
          0.054908373830365446,
          0.03330361220307945,
          0.020199661880347487,
          0.0
        ]
      },
      "8": {
        "tv": 0.03432936034967668,
        "hellinger": 0.0474308884622197,
        "kl": 0.019333963840544702,
        "wasserstein": 0.1473899482144274,
        "empirical": [
          0.429,
          0.237,
          0.142,
          0.091,
          0.046,
          0.032,
          0.011,
          0.006,
          0.005,
          0.001
        ],
        "target": [
          0.39788949329093865,
          0.24133217685847844,
          0.14637536443985885,
          0.08878114635938474,
          0.05384848727140149,
          0.03266075850925049,
          0.019809751405330703,
          0.012015221588618499,
          0.007287600276738253,
          0.0
        ]
      }
    }
  }
}