{
  "experiment_type": "hadamard",
  "layer_results": {
    "noiseless": {
      "2": {
        "tv": 0.016000000000000014,
        "hellinger": 0.012878200277647607,
        "kl": 0.0006608629881225646,
        "wasserstein": 0.016000000000000014,
        "empirical": [
          0.248,
          0.516,
          0.236
        ],
        "target": [
          0.25,
          0.5,
          0.25
        ]
      },
      "4": {
        "tv": 0.038000000000000006,
        "hellinger": 0.03675856796383561,
        "kl": 0.00525787387266162,
        "wasserstein": 0.05199999999999992,
        "empirical": [
          0.045,
          0.397,
          0.141,
          0.364,
          0.053
        ],
        "target": [
          0.0625,
          0.375,
          0.125,
          0.375,
          0.0625
        ]
      },
      "6": {
        "tv": 0.02912499999999998,
        "hellinger": 0.027911044826864784,
        "kl": 0.0030410941433141707,
        "wasserstein": 0.07124999999999988,
        "empirical": [
          0.014,
          0.286,
          0.15,
          0.14,
          0.134,
          0.266,
          0.01
        ],
        "target": [
          0.015625,
          0.28125,
          0.140625,
          0.125,
          0.140625,
          0.28125,
          0.015625
        ]
      },
      "8": {
        "tv": 0.02025000000000001,
        "hellinger": 0.023794091948247404,
        "kl": 0.0022460803078658068,
        "wasserstein": 0.038687500000000014,
        "empirical": [
          0.005,
          0.154,
          0.227,
          0.073,
          0.063,
          0.096,
          0.228,
          0.15,
          0.004
        ],
        "target": [
          0.00390625,
          0.1484375,
          0.2265625,
          0.0859375,
          0.0703125,
          0.0859375,
          0.2265625,
          0.1484375,
          0.00390625
        ]
      }
    },
    "low": {
      "2": {
        "tv": 0.01100000000000001,
        "hellinger": 0.009120949016963592,
        "kl": 0.00033115635864900024,
        "wasserstein": 0.016000000000000014,
        "empirical": [
          0.255,
          0.506,
          0.239
        ],
        "target": [
          0.25,
          0.5,
          0.25
        ]
      },
      "4": {
        "tv": 0.04100000000000002,
        "hellinger": 0.03077954349382948,
        "kl": 0.0037999687729731967,
        "wasserstein": 0.060999999999999936,
        "empirical": [
          0.055,
          0.397,
          0.144,
          0.347,
          0.057
        ],
        "target": [
          0.0625,
          0.375,
          0.125,
          0.375,
          0.0625
        ]
      },
      "6": {
        "tv": 0.036499999999999984,
        "hellinger": 0.03253680329860437,
        "kl": 0.004307963321941799,
        "wasserstein": 0.11799999999999991,
        "empirical": [
          0.023,
          0.29,
          0.149,
          0.137,
          0.136,
          0.251,
          0.014
        ],
        "target": [
          0.015625,
          0.28125,
          0.140625,
          0.125,
          0.140625,
          0.28125,
          0.015625
        ]
      },
      "8": {
        "tv": 0.0388125,
        "hellinger": 0.05361757627958655,
        "kl": 0.013801346576904473,
        "wasserstein": 0.11018750000000009,
        "empirical": [
          0.016,
          0.163,
          0.223,
          0.074,
          0.067,
          0.096,
          0.218,
          0.137,
          0.006
        ],
        "target": [
          0.00390625,
          0.1484375,
          0.2265625,
          0.0859375,
          0.0703125,
          0.0859375,
          0.2265625,
          0.1484375,
          0.00390625
        ]
      }
    },
    "high": {
      "2": {
        "tv": 0.063,
        "hellinger": 0.05197859904145151,
        "kl": 0.01100312199334635,
        "wasserstein": 0.067,
        "empirical": [
          0.313,
          0.441,
          0.246
        ],
        "target": [
          0.25,
          0.5,
          0.25
        ]
      },
      "4": {
        "tv": 0.12100000000000001,
        "hellinger": 0.1322101672009068,
        "kl": 0.07689109263367434,
        "wasserstein": 0.31400000000000006,
        "empirical": [
          0.162,
          0.372,
          0.14,
          0.257,
          0.069
        ],
        "target": [
          0.0625,
          0.375,
          0.125,
          0.375,
          0.0625
        ]
      },
      "6": {
        "tv": 0.16612500000000002,
        "hellinger": 0.19793774974514114,
        "kl": 0.20210401761496494,
        "wasserstein": 0.6387499999999999,
        "empirical": [
          0.128,
          0.277,
          0.176,
          0.133,
          0.102,
          0.158,
          0.026
        ],
        "target": [
          0.015625,
          0.28125,
          0.140625,
          0.125,
          0.140625,
          0.28125,
          0.015625
        ]
      },
      "8": {
        "tv": 0.2115,
        "hellinger": 0.24212842448716568,
        "kl": 0.3423508088235996,
        "wasserstein": 1.0871874999999998,
        "empirical": [
          0.108,
          0.236,
          0.211,
          0.081,
          0.083,
          0.086,
          0.112,
          0.072,
          0.011
        ],
        "target": [
          0.00390625,
          0.1484375,
          0.2265625,
          0.0859375,
          0.0703125,
          0.0859375,
          0.2265625,
          0.1484375,
          0.00390625
        ]
      }
    }
  }
}